Comment,Designator,Footprint,LCSC Part #
100nF Unpolarized capacitor,"C1,C2,C3,C5,C6,C7,C8,C9,C10,C11,C12,C13,C14,C16,C17,C19,C20,C21",C_0603_1608Metric,C14663
330pF Unpolarized capacitor,"C4,C15",C_0603_1608Metric,C140966
B04B-XASK-1 ,J2,CONN_B04B-XASK-1_JST,C264994
10k Resistor,"R1,R2,R3,R4,R5,R6,R9,R18,R35,R36,R37,R38,R39,R40,R43,R44,R45,R47,R48,R54,R55,R56,R57,R69",R_0603_1608Metric,C25804
10 Resistor,"R7,R8,R10,R11,R12,R13,R14,R15,R52,R53,R67,R68",R_0603_1608Metric,C22859
4.7k Resistor,R58,R_0603_1608Metric,C23162
1M Resistor,"R41,R42,R46,R49,R50,R51",R_0603_1608Metric,C22935
"BME680 4-in-1 sensor, gas, humidity, pressure, temperature, I2C and SPI interface, 1.71-3.6V, LGA-8","U6,U10",Bosch_LGA-8_3x3mm_P0.8mm_ClockwisePinNumbering,C125972
MMBFJ177LT1 ,"U15,U16,U17,U19,U20,U26",SOT-23-3_1P4X3P040_ONS,C106763
"TCA9548APWR Low voltage 8-channel I2C switch with reset, TSSOP-24",U32,TSSOP-24_4.4x7.8mm_P0.65mm,C130026
