Comment,Designator,Footprint,LCSC Part #
100nF Unpolarized capacitor,"C1,C17,C19,C20,C22,C23",C_0603_1608Metric,C14663
10p Unpolarized capacitor,"C2,C3",C_0603_1608Metric,C1634
100n Unpolarized capacitor,"C5,C6,C7,C8",C_0402_1005Metric,C1525
10n Unpolarized capacitor,C9,C_0603_1608Metric,C57112
1uF Unpolarized capacitor,"C10,C11",C_0805_2012Metric,C28323
10uF Unpolarized capacitor,"C12,C13",C_0603_1608Metric,C96446
1uF Unpolarized capacitor,"C14,C15,C16",C_0603_1608Metric,C15849
10nF Unpolarized capacitor,C21,C_0603_1608Metric,C57112
2.2nF Unpolarized capacitor,C24,C_0603_1608Metric,C1604
LED Light emitting diode,D3,LED_0603_1608Metric,C72038
3.3V_A PWR (GRN) Light emitting diode,D4,LED_0805_2012Metric,C2297
"1N5819WS 40V 600mV@1A 1A SOD-323 Schottky Barrier Diodes, SOD-323","D10,D12,D13,D14,D15,D16,D17",D_SOD-323,C191023
100R Ferrite bead,FB1,R_0805_2012Metric,C1015
USB_B_Micro USB Micro Type B connector,J1,USB_Micro-B_Amphenol_10118194_Horizontal,C132563
430450200 ,"J3,J4,J6,J7,J10,J11,J12",CON_430450200_MOL,C122431
"AO4447A -6.7A Id, -20V Vds, P-Channel HEXFET Power MOSFET, SO-8",Q2,SOIC-8_3.9x4.9mm_P1.27mm,C125867
"AO3400A 30V Vds, 5.7A Id, N-Channel MOSFET, SOT-23","Q8,Q9,Q10,Q11,Q12,Q13",SOT-23,C20917
100k Resistor,"R1,R6",R_0603_1608Metric,C25803
10k Resistor,"R2,R5,R21,R23,R24,R25,R26,R27",R_0603_1608Metric,C25804
4.7k Resistor,"R3,R9",R_0603_1608Metric,C23162
30k Resistor,R4,R_0603_1608Metric,C22984
680 Resistor,R7,R_0603_1608Metric,C23228
1.5k Resistor,R8,R_0603_1608Metric,C22843
1.2k Resistor,R10,R_0603_1608Metric,C22765
510R Resistor,"R22,R28,R29,R30,R31,R32",R_0603_1608Metric,C23193
1k Resistor,R33,R_0603_1608Metric,C21190
"SW_STM_RESET Push button switch, generic, two pins",SW1,SW_Push_1P1T_XKB_TS-1187A,C318884
SW_STM_BOOT_MODE MEC 5G single pole normally-open tactile switch,SW3,SW_Push_1P1T_XKB_TS-1187A,C318884
"STM32F103CBT6 STMicroelectronics Arm Cortex-M3 MCU, 128KB flash, 20KB RAM, 72 MHz, 2.0-3.6V, 37 GPIO, LQFP48",U1,LQFP-48_7x7mm_P0.5mm,C8304
"AMS1117-3.3 1A Low Dropout regulator, positive, 3.3V fixed output, SOT-223",U2,SOT-223-3_TabPin2,C6186
LM66100DCKR ,"U3,U4,U5",SC-70-6_Handsoldering,C2869734
"MPU-6050 InvenSense 6-Axis Motion Sensor, Gyroscope, Accelerometer, I2C",U8,InvenSense_QFN-24_4x4mm_P0.5mm,C24112
KX134-1211 ,U10,LGA-12_2x2mm_P0.5mm,C2157908
"X322516MMB4SI Four pin crystal, GND on pins 2 and 4",Y1,Crystal_SMD_3225-4Pin_3.2x2.5mm,C13738
